NHI,patientFName,patientLName,DOB,gender,doctorID,referralID,waitlistID
QDX4955,Spense,Pringuer,14/02/1972,Male,1001,1001,1001
ECP7715,Shirline,Van Der Kruys,27/12/1992,Female,1002,1002,1002
ZIK8925,Chev,Eckels,19/04/1951,Male,1003,1003,1003
LTS6784,Rik,Futty,29/04/1962,Male,1003,1004,1004
HGM6173,Emalia,Killen,21/10/1989,Female,1001,1005,1005
CEV6132,Rudiger,Endean,13/02/1965,Male,1004,1006,1006
PGJ7161,Beverie,Robez,3/02/1968,Female,1005,1007,1007
NKX8076,Donall,Ricciardo,21/10/1948,Male,1002,1008,1008
MXC8908,Timotheus,Laven,30/07/1975,Male,1006,1009,1009
NTQ8299,Aluino,Spelling,16/07/2008,Male,1002,1010,1010
QNE4372,Elvera,Peasby,21/10/2005,Female,1007,1011,1011
GIR5104,Vitia,Goodlake,13/06/1957,Female,1002,1012,1012
DVX6602,Brig,Ovendale,28/04/2013,Male,1005,1013,1013
JIB5920,Syman,Badcock,7/04/1976,Male,1008,1014,1014
YCX9278,Eugenie,Hugueville,26/05/2014,Female,1005,1015,1015
LMV5416,Scottie,Emms,15/02/1961,Male,1002,1016,1016
YBB1095,Carlye,Greenhead,6/01/2016,Female,1005,1017,1017
TBC7855,Vina,Dimond,4/06/1967,Female,1009,1018,1018
SXL9274,Samson,Durbann,11/04/1967,Male,1010,1019,1019
AUX6004,Rosalie,Couroy,5/10/1977,Female,1004,1020,1020
SEO7156,Harmony,Goodings,11/12/2003,Other,1005,1021,1021
XUA5670,Niki,Cousins,22/08/1984,Male,1007,1022,1022
GMC9989,Hank,Solan,13/09/2006,Male,1009,1023,1023
SHN9256,Kendra,Slayton,20/02/1952,Female,1001,1024,1024
XSI7349,Gloriana,Brevetor,4/12/2010,Female,1009,1025,1025
NHK9888,Sheri,Corhard,23/12/2012,Female,1006,1026,1026
NCR0550,Zacharia,Collishaw,7/05/2010,Male,1001,1027,1027
CNF6489,Hanan,Ryde,12/02/1952,Male,1009,1028,1028
MSC5721,Marni,Kalisz,9/02/1963,Female,1008,1029,1029
VWH6907,Leona,Murtell,12/07/1965,Female,1009,1030,1030
GOZ3094,Andre,Wallen,1/06/1987,Male,1001,1031,1031
CMZ6415,Roddy,Bonney,15/06/2008,Male,1007,1032,1032
TNH6480,Eyde,Flucker,15/09/2009,Female,1006,1033,1033
QIJ3412,Catlee,Mackley,27/09/1972,Female,1009,1034,1034
BAK4481,Wandis,Clipson,10/12/2027,Female,1005,1035,1035
CBD3031,Fremont,Reddan,22/11/1957,Male,1002,1036,1036
BBB5629,Ewell,Longmire,30/08/1949,Male,1005,1037,1037
ODR2838,Andra,Francescuccio,4/04/1951,Female,1004,1038,1038
KDD9523,Menard,Prettjohn,17/04/1965,Male,1006,1039,1039
ASD4088,Schuyler,Willimot,5/12/1956,Male,1005,1040,1040
GIQ8970,Whitney,Lakeland,10/11/1986,Male,1003,1041,1041
GEK5713,Lucias,Karlsson,29/10/2007,Male,1001,1042,1042
TGS0798,Simona,Gerrets,29/04/1989,Female,1004,1043,1043
CYC0720,Nahum,Drewet,5/10/1962,Male,1007,1044,1044
SMH8891,Myrilla,Jeandon,8/02/1968,Female,1007,1045,1045
FBG1062,Nancee,Circuitt,9/05/1961,Female,1008,1046,1046
XKX1957,Malory,Houndesome,28/11/2004,Female,1001,1047,1047
AFH7245,Gar,Strawbridge,14/04/1982,Male,1005,1048,1048
TXP4069,Sheffield,Hares,23/05/2005,Male,1007,1049,1049
MRL3058,Otho,Duinkerk,1/06/1976,Male,1009,1050,1050
FVL8648,Ruby,Manklow,4/10/1976,Male,1004,1051,1051
ETV6899,Abba,Rusk,17/08/1961,Male,1007,1052,1052
VFY9388,Cristobal,Guyers,23/04/1986,Male,1006,1053,1053
JBK3991,Marcelia,Jeffcoate,17/12/1985,Female,1005,1054,1054
ZYF6173,Almeria,Crasford,11/01/1982,Female,1005,1055,1055
VSV3481,Beret,Coenraets,10/02/1957,Female,1006,1056,1056
MHR6896,Roderigo,Beekmann,29/06/1977,Male,1006,1057,1057
YDV0095,Elicia,Mccay,30/05/1948,Female,1003,1058,1058
BDF4913,Ingeberg,Perring,11/06/1952,Female,1007,1059,1059
IWU6403,Smith,Mcgettigan,19/05/2004,Male,1010,1060,1060
BVF7686,Flin,Gleasane,26/09/2008,Male,1004,1061,1061
RIQ9260,Darlene,Bangham,14/11/1990,Female,1009,1062,1062
MMH2864,Job,Cawood,3/04/1962,Male,1006,1063,1063
RWT4192,Baudoin,Burr,16/02/1981,Male,1003,1064,1064
CYZ8554,Casper,Ashworth,10/12/1966,Male,1008,1065,1065
YBS8538,Gordy,Bellay,24/07/1970,Male,1007,1066,1066
VZQ5362,Claudelle,Dignan,12/07/1980,Female,1007,1067,1067
CST7448,Ines,Mitroshinov,22/05/1976,Female,1009,1068,1068
NWM8466,Joshuah,Perrigo,26/12/2010,Male,1009,1069,1069
LQI3268,Drusy,Skews,15/10/1973,Female,1010,1070,1070
LFV3925,Efrem,Kippax,5/05/1973,Male,1007,1071,1071
WHU5837,Barney,Massenhove,26/07/1987,Male,1006,1072,1072
ABR7945,Chas,Mcgrah,3/09/1986,Male,1009,1073,1073
PLL2090,Morganne,Baynom,26/07/1950,Female,1003,1074,1074
MFO6152,Graeme,Fenemore,6/07/1956,Male,1003,1075,1075
TWT8902,Bonny,Tremmil,8/01/1974,Female,1010,1076,1076
WHL2345,Ardelia,Parmiter,15/05/1970,Female,1009,1077,1077
WSU4675,Cirillo,Tuckwell,24/12/1969,Male,1005,1078,1078
OBR6693,Emyle,Sokale,24/08/1979,Female,1008,1079,1079
DPB3234,Daryl,Eastham,26/01/1978,Male,1007,1080,1080
YSN6005,Clovis,Espadate,7/01/1987,Female,1002,1081,1081
FDM8849,Rebekkah,Venes,30/07/2011,Female,1005,1082,1082
FQI2958,Wilone,Tofanelli,24/05/2006,Female,1009,1083,1083
AFC3291,Hetti,Joskowitz,14/05/1989,Female,1007,1084,1084
OJC2233,Blinnie,Olivari,5/10/1969,Female,1002,1085,1085
NPF7673,Rufe,Cardenoza,17/10/2004,Other,1010,1086,1086
ISJ1177,Rad,Mackaig,24/07/1948,Male,1007,1087,1087
GDR6737,Starlene,Letertre,18/07/2005,Female,1001,1088,1088
STU8856,Aurelea,Cradoc,17/07/1963,Female,1006,1089,1089
CLZ1078,Arabelle,Bourbon,28/06/1969,Female,1009,1090,1090
PZD7227,Shellysheldon,Digges,8/10/1975,Male,1010,1091,1091
CCB6831,Gilbert,Pattillo,5/08/1981,Male,1003,1092,1092
IXF4149,Adena,Elliott,17/08/1952,Female,1006,1093,1093
NIV5772,Horatia,Panton,17/04/1992,Female,1001,1094,1094
